Month,Day
1st of February,1
2nd of February,2
3rd of February,3
4th of February,4
5th of February,5
6th of February,6
7th of February,7
8th of February,8
9th of February,9
11th of February,11
12th of February,12
13th of February,13
15th of February,15
16th of February,16
17th of February,17
18th of February,18
19th of February,19
20th of February,20
21th of February,21
22th of February,22
23th of February,23
24th of February,24
26th of February,26
27th of February,27
28th of February,28
29th of February,29




